地區,地名,代號,緯度,經度
宜蘭縣大同鄉,太平山(1),01U56,24.4924788,121.5368392
宜蘭縣大同鄉,太平山,C0U71,24.5055,121.5257
宜蘭縣大同鄉,古魯,C1U51,24.5716,121.6716
新北市平溪區,火燒寮,01A20,24.975,121.7180556
新北市平溪區,平溪旅遊,NUP46,25.0257669,121.7387424
新北市雙溪區,太平,L1A84,24.9715346,121.8258604
新北市平溪區,火燒寮,C0A65,25.0027,121.7429
新北市雙溪區,泰平,C0A55,24.9712,121.8237
新北市瑞芳區,瑞芳,C0A66,25.1132,121.8011
新北市瑞芳區,瑞芳,01A38,25.1089019,121.81005
宜蘭縣三星鄉,清水,01U79,24.612024,121.6362942
新北市坪林區,碧湖,01A19,24.89081855,121.744909
新北市坪林區,坪林,C0A53,24.9382,121.7094
新北市瑞芳區,員山子,NUP81,25.1038716,121.8203268
新北市瑞芳區,大粗坑,swc07,25.1000936,121.845109
新北市坪林區,坪林,L1A83,24.9121433,121.71939435
新北市坪林區,四堵,C0A54,24.8928,121.7459
新北市坪林區,碧湖,L1A80,24.89081855,121.744909
宜蘭縣大同鄉,池端,21U11,24.64813555,121.477421
宜蘭縣冬山鄉,寒溪,C1U67,24.6342,121.7167
臺北市南港區,茶場,A1AD7,25.0273353,121.6638026
新北市坪林區,坪林,01A17,24.9121433,121.71939435
新北市瑞芳區,三貂嶺,01AF9,25.06066,121.822647
新北市烏來區,桶後,C0A57,24.8482,121.5980
花蓮縣秀林鄉,和中,C0T9D,24.2666,121.7413
宜蘭縣大同鄉,土場(1,01U05,24.5731385,121.4963588
宜蘭縣大同鄉,梵梵(2,01U06,24.6137655,121.5254994
宜蘭縣南澳鄉,樟林,01U45,24.4655085,121.6435318
宜蘭縣南澳鄉,東澳,C0U76,24.5219,121.8331
新北市雙溪區,雙溪,C0A89,25.0360,121.8642
宜蘭縣員山鄉,再連,C1U63,24.7151,121.6794
宜蘭縣三星鄉,三星,C1U66,24.6706,121.6544
新北市烏來區,福山,01A43,24.7471984,121.5106063
宜蘭縣南澳鄉,武塔,01U47,24.4341417,121.7092987
宜蘭縣南澳鄉,大濁水,01U23,24.3252097,121.7688008
宜蘭縣大同鄉,寒溪,88U83,24.610555,121.687412
宜蘭縣冬山鄉,新寮,C1U69,24.6256,121.7513
新北市石碇區,石碇,C0A64,24.9939,121.6629
新北市烏來區,下盆,C1A63,24.7710,121.5386
宜蘭縣冬山鄉,新寮(1,01U12,24.6316921,121.750197
宜蘭縣羅東鎮,羅東,C0U64,24.6838,121.7478
宜蘭縣礁溪鄉,大礁溪,C1U61,24.7860,121.6783
新北市烏來區,福山,C0A56,24.7762,121.5028
新北市瑞芳區,五分山站,46685,25.0709534,121.7806396
宜蘭縣南澳鄉,東澳嶺,C1U84,24.5378,121.8485
宜蘭縣大同鄉,牛鬥,C1U50,24.6378,121.5737
宜蘭縣員山鄉,雙連埤,C0U52,24.7530,121.6413
新北市石碇區,十三股,L1A82,24.947229,121.648057
新竹縣五峰鄉,白蘭,C1D41,24.5794,121.0799
宜蘭縣羅東鎮,新北城,01U19,24.8642391,121.5517673
宜蘭縣大同鄉,思源,C0U73,24.3972,121.3567
新北市新店區,大桶山,01A44,24.87620555,121.562969
新北市石碇區,石碇,01A13,24.9496777,121.64657345
新北市石碇區,九芎根,L1A81,24.8861366,121.66281
花蓮縣壽豐鄉,東華,C0Z10,23.8953,121.5498
宜蘭縣蘇澳鎮,烏石鼻,C1U83,24.4827,121.8394
宜蘭縣南澳鄉,觀音海岸,C1U85,24.3832,121.7786
臺北市文山區,指南,A1AC4,24.98800715,121.57527155
宜蘭縣大同鄉,玉蘭,C0U65,24.6753,121.5871
新北市深坑區,深坑,C0AD2,25.0014,121.6176
宜蘭縣南澳鄉,南澳,C0U77,24.4493,121.8102
新北市三峽區,大豹,01A21,24.8711008,121.40738465
宜蘭縣宜蘭市,宜蘭,46708,24.7640,121.7565
新竹縣北埔鄉,外坪,C1D64,24.6444,121.0910
花蓮縣花蓮市,花蓮,46699,23.9751,121.6133
宜蘭縣大同鄉,留茂安,01U07,24.532516,121.452501
新竹縣五峰鄉,清泉,01D11,24.57529955,121.102272
花蓮縣壽豐鄉,大坑,C0T9E,23.8806,121.5820
新北市三峽區,熊空山,01AG1,24.8684464,121.4586639
新竹縣五峰鄉,雪霸,C0D55,24.5270,121.1161
桃園市復興區,復興,C0C46,24.8202,121.3523
花蓮縣壽豐鄉,月眉山,C0T9A,23.8099,121.5398
花蓮縣秀林鄉,太魯閣,A0T78,24.2027288,121.481192
宜蘭縣五結鄉,五結,C0U78,24.6864,121.7979
花蓮縣光復鄉,東富,01T9L,23.6792734,121.4749957
宜蘭縣大同鄉,四季,01U78,24.4655198,121.40259395
新竹縣尖石鄉,梅花,C0D36,24.6783,121.2086
新北市新店區,新店,A0A9M,24.92838555,121.5339701
花蓮縣壽豐鄉,水璉,C0T9F,23.7971,121.5425
花蓮縣壽豐鄉,壽豐,C1T89,23.8691,121.5079
基隆市七堵區,五堵,01B03,25.08153455,121.687354
花蓮縣秀林鄉,和中,88T83,24.2732016,121.739607
臺北市南港區,舊莊,A1AC5,25.0402906,121.6194992
花蓮縣壽豐鄉,中興,C1T92,23.7695,121.4987
新北市新店區,四十份,C1A9N,24.9342,121.5933
臺北市南港區,九如,A1AC6,25.0254638,121.59958735
新竹縣尖石鄉,梅花,01D18,24.65325475,121.20954445
新竹縣尖石鄉,西丘斯山,21D35,24.5877075,121.3853073
花蓮縣鳳林鎮,鳳林,C1T93,23.7436,121.4456
新竹縣尖石鄉,鳥嘴山,C1D40,24.7191,121.2839
新北市新店區,翡翠,L1A79,24.909167,121.58
臺北市信義區,三興國小,A1AA0,25.029467,121.558267
桃園市龍潭區,石門,21C05,24.8417091,121.240834
宜蘭縣冬山鄉,冬山,01U13,24.6546802,121.7634795
苗栗縣泰安鄉,泰安,C1E72,24.4890,120.9680
臺北市文山區,北政國中,A1AB0,24.9849797,121.5782554
臺北市北投區,竹湖,A1AD2,25.17674839999999,121.5327921
苗栗縣南庄鄉,南礦,C1E67,24.5383,121.0028
花蓮縣萬榮鄉,西林,C0T90,23.8119,121.4415
臺北市信義區,四獸,A1AG4,25.0351328,121.5833085
新竹縣關西鎮,關西,C0D39,24.7982,121.1739
苗栗縣南庄鄉,鳳美,C1E48,24.5548,121.0347
新北市樹林區,山佳,C0A52,24.9749,121.4020
臺北市文山區,文山,C0AC8,25.0024,121.5757
臺北市文山區,脾腹,A1AB1,24.98800715,121.57527155
桃園市復興區,霞雲,21C14,24.8167546,121.349601
新北市瑞芳區,鼻頭角,C0A95,25.1290,121.9234
新北市三峽區,三峽,C0AC6,24.9390,121.3697
宜蘭縣礁溪鄉,礁溪,C0U60,24.8175,121.7655
花蓮縣吉安鄉,吉安,C1T85,23.9733,121.5628
花蓮縣萬榮鄉,西林,01T56,23.85668755,121.35898425
臺北市信義區,挹翠,A1AC7,25.018599,121.574398
花蓮縣鳳林鎮,鳳義坑,swc08,23.7519989,121.43505
臺北市陽明山,鞍部,46691,25.1826,121.5297
桃園市復興區,高義,21C08,24.7127756,121.359303
新竹縣橫山鄉,橫山,C0D54,24.7112,121.1169
桃園市龍潭區,石門,01C40,24.8417091,121.240834
新竹縣尖石鄉,玉峰,21D15,24.660015,121.301293
花蓮縣光復鄉,光復,C0T96,23.6607,121.4250
宜蘭縣大同鄉,南山,C1U72,24.4374,121.3817
宜蘭縣冬山鄉,冬山,C0U68,24.6324,121.7935
新北市汐止區,汐止,C0AH0,25.0669,121.6588
臺北市文山區,貓空,A1AD6,24.98293725,121.59025265
花蓮縣萬榮鄉,大觀,C1T94,23.7142,121.3731
宜蘭縣壯圍鄉,壯圍,C0U62,24.7437,121.7897
臺北市信義區,信義,C0AC7,25.0378,121.5646
新北市三峽區,三峽,01A22,24.8711008,121.40738465
臺北市大安區,福州,A1AG6,25.0160102,121.55484
花蓮縣秀林鄉,富世,C0T9C,24.1482,121.6296
臺北市文山區,博嘉國小,A1AA9,25.002102,121.575856
花蓮縣光復鄉,大農,C1T97,23.6152,121.4133
宜蘭縣礁溪鄉,五峰,01U46,24.8342905,121.7472136
新北市汐止區,社后橋,01AG0,25.0635885,121.6333882
臺北市信義區,市政中心,A1AA8,25.037525,121.563782
宜蘭縣頭城鎮,北關,C1U58,24.9072,121.8734
花蓮縣光復鄉,大興,swc11,23.6374045,121.38894255
花蓮縣鳳林鎮,鳳林山,C0T9G,23.7358,121.4198
臺北市陽明山,竹子湖,01A42,25.1536396,121.547862
桃園市復興區,巴陵,21C07,24.687471,121.393886
花蓮縣萬榮鄉,太安,C1T95,23.6667,121.3701
臺北市南港區,南港,C0A9G,25.0554,121.6029
桃園市復興區,蘇樂,88C69,24.692982,121.375147
臺北市陽明山,竹子湖,46693,25.1621,121.5445
花蓮縣秀林鄉,布洛灣,C1T83,24.1718,121.5713
花蓮縣豐濱鄉,加路蘭山,C0T9H,23.6829,121.5274
花蓮縣秀林鄉,三棧,C1Z09,24.1170,121.6051
臺北市北投區,大屯山,C0AC4,25.1757,121.5224
臺北市大安區,公館,C1A73,25.0144,121.5395
臺北市大同區,太平國小,A1A9X,25.061402,121.511472
新北市貢寮區,福隆,C0A88,25.0178,121.9421
花蓮縣壽豐鄉,鯉魚潭,C0T87,23.9356,121.5089
花蓮縣秀林鄉,水源,C0T9B,23.9919,121.5372
新竹縣關西鎮,關西(3,01D30,24.792356,121.1759251
新北市新店區,屈尺,C0A58,24.9224,121.5463
臺北市士林區,溪山,A1AC9,25.119671,121.579593
高雄市那瑪夏區,表湖,C0V15,23.2602,120.6647
桃園市復興區,嘎拉賀,21C09,24.6394839,121.407362
苗栗縣南庄鄉,南庄,C0E43,24.6018,121.0002
嘉義縣竹崎鄉,樟腦寮(2,01L48,23.532862,120.602557
宜蘭縣蘇澳鎮,蘇澳,46706,24.5967,121.8574
臺北市北投區,石牌,C0A9B,25.1163,121.5138
新竹縣峨眉鄉,峨眉,C0D43,24.6905,121.0172
桃園市龍潭區,龍潭,C0C67,24.8701,121.2214
嘉義縣竹崎鄉,樟腦寮,C1M48,23.5370,120.6078
花蓮縣豐濱鄉,豐濱,C0T9I,23.5841,121.5143
新北市鶯歌區,鶯歌,C0AD5,24.9515,121.3463
苗栗縣南庄鄉,南庄(1,01E17,24.599501,120.9986637
花蓮縣新城鄉,北埔,01T50,24.0348966,121.606409
臺北市士林區,菁山,A1AD0,25.1546476,121.5586412
花蓮縣新城鄉,新城,C0T84,24.0379,121.6095
花蓮縣光復鄉,富源,C0Z08,23.5876,121.3782
新北市土城區,土城,C0AD4,24.9732,121.4452
臺北市北投區,貴子,A1AD8,25.1519009,121.4906268
嘉義縣番路鄉,龍美,C1M39,23.4067,120.6544
雲林縣古坑鄉,草嶺,C0K24,23.5956,120.6935
宜蘭縣頭城鎮,頭城,C1U86,24.8532,121.8308
桃園市龜山區,龍壽社區,01C57,25.010803,121.387908
新竹縣竹東鎮,竹東,C0D56,24.7671,121.0579
嘉義縣番路鄉,小公田(2,01L36,23.4175793,120.650847
新竹縣尖石鄉,鎮西堡,21D17,24.540149,121.2980899
新北市石門區,富貴角,C0A92,25.2638,121.5653
花蓮縣秀林鄉,銅門,C1T86,23.9660,121.4927
新北市中和區,中和,C0AG9,24.9926,121.4904
新竹縣尖石鄉,下田埔,88D61,24.5964144,121.28211035
臺北市士林區,平等國小,A1AA2,25.129443,121.576607
臺北市北投區,大屯國小,A1A9T,25.154895,121.503983
雲林縣古坑鄉,華山,swc10,24.4483032,120.7599331
南投縣信義鄉,玉山,46755,23.4876,120.9595
嘉義縣竹崎鄉,石磐龍,C1M61,23.4966,120.6635
嘉義縣番路鄉,大湖,C1M57,23.4750,120.6202
臺北市北投區,北投國小,A1A9V,25.133729,121.500862
花蓮縣豐濱鄉,豐濱,01T73,23.601326,121.521195
嘉義縣番路鄉,大湖山,01L39,23.3383329,120.5972222
花蓮縣瑞穗鄉,奇美國小,O1T80,23.4969819,121.4461535
南投縣信義鄉,丹大,C1I05,23.7537,121.1411
臺北市內湖區,大湖,A1AG2,25.0822805,121.6044519
南投縣信義鄉,望鄉,C1I06,23.6191,120.9282
新北市金山區,三和,C0A93,25.2346,121.5946
高雄市桃源區,建山國小,81V82,23.1054344,120.6825485
桃園市大溪區,大溪,C0C63,24.8829,121.2655
臺北市內湖區,內湖,C0A9F,25.0794,121.5755
雲林縣古坑鄉,草嶺(2,01J97,23.5810365,120.6945628
基隆市,基隆,46694,25.1333,121.7405
新北市汐止區,五指山,C0A87,25.1322,121.6087
高雄市桃源區,高中,C1V23,23.1349,120.7167
高雄市六龜區,高中(2,O1V54,22.9932715,120.6354672
臺北市內湖區,碧湖國小,A1AA4,25.084627,121.591423
苗栗縣泰安鄉,橫龍山,01E03,24.4871159,120.9630051
新竹縣尖石鄉,白石,21D16,24.55521135,121.218091
新北市三芝區,三芝,C0AD0,25.2581,121.5019
臺北市北投區,稻香,A1AG3,25.1431287,121.4860398
新竹縣新埔鎮,新埔(1,01D31,24.82783259999999,121.0814627
南投縣埔里鎮,凌霄,C1H88,24.0168,121.0149
新竹縣寶山鄉,寶山,C0D58,24.7350,121.0252
高雄市桃源區,御油山,C1V30,23.0020,120.7154
南投縣仁愛鄉,萬大,C1I02,23.9798,121.1323
臺北市,臺北,46692,25.0377,121.5149
嘉義縣番路鄉,頭凍,C1M60,23.4064,120.6033
高雄市那瑪夏區,民權,O1V52,23.2294492,120.6947837
嘉義縣阿里山鄉,新美國小,81M67,23.3378601,120.6830902
新北市板橋區,板橋,46688,25.0096111,121.4592438
嘉義縣大埔鄉,馬頭山,C0M41,23.3244,120.5820
新竹縣芎林鄉,飛鳳山,C1D63,24.7665,121.1192
南投縣仁愛鄉,廬山,C0I01,24.0333,121.1818
新北市永和區,永和,C0AH1,25.0113,121.5081
臺北市水源路,中正橋,01A41,25.0134171,121.5272951
臺北市南港區,玉成,A1AB4,25.0418289,121.585864
臺北市士林區,明德,A1AC8,25.112834,121.56488
桃園市觀音區,觀音,C0C59,25.0271,121.1533
基隆市七堵區,復興國小,NUP49,25.107302,121.665497
臺北市士林區,雙溪,A1AB8,25.106057,121.5639321
南投縣鹿谷鄉,溪頭,C1I10,23.6618,120.8076
新北市新莊區,新莊,C0ACA,25.0515,121.4468
南投縣仁愛鄉,奧萬大,C1I32,23.9530,121.1785
花蓮縣秀林鄉,大禹嶺,C0T79,24.1861,121.3161
桃園市楊梅區,楊梅,C0C66,24.9124,121.1430
臺北市北投區,奇岩,A1AB7,25.1283305,121.5060486
臺北市士林區,天母,C0A9C,25.1175,121.5372
高雄市桃源區,寶山,O1V51,23.0377676,120.707438
臺北市士林區,福德,A1AB6,25.1012273,121.5072629
高雄市茂林區,多納林道,C1V78,22.8880,120.7379
高雄市那瑪夏區,民生(達卡努瓦村,C1V16,23.2798,120.7053
臺北市中山區,劍南,A1AD5,25.084853,121.555592
臺北市內湖區,安泰,A1AD3,25.0810012,121.616424
桃園市八德區,八德,C0C49,24.9287,121.2833
臺北市萬華區,雙園,A1AB2,25.0311756,121.494795
苗栗縣泰安鄉,八卦,C1E70,24.4918,120.9276
桃園市龜山區,龜山,C0C64,25.0303,121.3757
苗栗縣泰安鄉,南勢山,C1E68,24.4217,120.9238
臺北市內湖區,大崙尾山,C0A99,25.1063,121.5736
臺北市北投區,桃源國中,A1A9U,25.134767,121.477391
新北市萬里區,大坪,C0A86,25.1659,121.6330
花蓮縣秀林鄉,天祥,C0T82,24.1796,121.4956
新北市貢寮區,三貂角,C0A97,25.0076,122.0021
新北市石門區,富貴角,01A35,25.2995149,121.5369174
花蓮縣秀林鄉,龍澗,C1T98,24.0233,121.4113
南投縣水里鄉,東埔,01H40,23.8179347,120.8538549
花蓮縣豐濱鄉,靜浦,C0T9M,23.4552,121.4950
臺東縣綠島鄉,綠島,C0S73,22.6672,121.4753
南投縣信義鄉,新高口,C1I44,23.4787,120.8789
臺北市中山區,劍潭,A1AG5,25.0861769,121.5553568
苗栗縣三灣鄉,大河,C0E85,24.61732499999999,120.946094
南投縣仁愛鄉,南豐,88H89,24.0277107,121.14350285
南投縣仁愛鄉,仁愛,C0I39,24.0214822,121.132201
桃園市平鎮區,平鎮,C0C65,24.8975,121.2146
嘉義縣竹崎鄉,奮起湖,C0M53,23.4939,120.6993
苗栗縣泰安鄉,馬都安,C0E61,24.4513,120.9302
臺東縣蘭嶼鄉,蘭嶼,46762,22.0370,121.5583
臺中市和平區,武陵,D2F23,24.3975297,121.3072787
南投縣信義鄉,卡奈托灣,C1I14,23.7544,121.0879
花蓮縣玉里鎮,高寮,C1T99,23.3942,121.3568
嘉義縣阿里山鄉,新阿里山,46773,23.508902,120.802147
花蓮縣玉里鎮,玉里,C0Z06,23.3215,121.3397
臺東縣長濱鄉,樟原(1,01S27,23.412184,121.482117
新北市蘆洲區,蘆洲,C0AD3,25.0866,121.4723
臺北市士林區,社子,C0A98,25.1095,121.4697
花蓮縣秀林鄉,慈恩,C1T81,24.1920,121.3884
臺北市士林區,士林,C0A9E,25.0903,121.5030
桃園市蘆竹區,蘆竹,C0C62,25.0843,121.2658
花蓮縣萬榮鄉,紅葉,C1Z03,23.4931,121.3388
新北市淡水區,淡水,46690,25.1649,121.4489
嘉義縣阿里山鄉,阿里山,46753,23.5082,120.8132
南投縣仁愛鄉,昆陽,C0H99,24.1213,121.2736
桃園市桃園區,桃園,C0C48,24.9924,121.3232
嘉義縣梅山鄉,瑞里,C1M62,23.5451,120.6752
高雄市桃源區,楠溪,C1V46,23.4364,120.8926
高雄市桃源區,藤枝,C1V60,23.0720,120.7570
南投縣仁愛鄉,武界,C1I03,23.9132,121.0525
臺北市北投區,關渡,C1AC5,25.1335,121.4693
南投縣仁愛鄉,楓樹林,C1I33,23.9868,121.0761
花蓮縣秀林鄉,洛韶,C1T80,24.2046,121.4540
南投縣信義鄉,豐丘,C1I29,23.6682,120.8874
臺東縣成功鎮,成功,46761,23.0975,121.3734
南投縣信義鄉,神木村,C0H9A,23.5327,120.8437
南投縣信義鄉,東埔,C1I35,23.5563,120.9251
臺中市和平區,雪嶺,C1F94,24.2806,121.0266
臺北市中山區,建國,A1AB5,25.0680074,121.5360472
臺北市士林區,中洲,A1AB3,25.1023554,121.5484925
臺東縣成功鎮,南美山,C1S87,23.1503,121.3823
新竹縣新埔鎮,打鐵坑,C0D48,24.8497,121.1508
新北市五股區,五股,C0A68,25.0834,121.4350
花蓮縣瑞穗鄉,舞鶴,C0Z07,23.4681,121.3741
屏東縣泰武鄉,泰武(1,01Q25,22.591316,120.628718
花蓮縣富里鄉,六十石山,01T9J,23.222019,121.316551
南投縣水里鄉,水里,C1I27,23.8320,120.8541
南投縣仁愛鄉,合歡山,C0H9C,24.1434,121.2725
臺北市士林區,擎天,A1AD1,25.13478015,121.5324453
花蓮縣卓溪鄉,太平國小,O1T82,23.4053917,121.3199844
屏東縣春日鄉,大漢山,01R03,22.4080552,120.7511111
南投縣信義鄉,豐丘,swc06,23.6742106,120.872492
新北市金山區,金山,C0A94,25.2236,121.6440
嘉義縣太保市,大埔,01J96,23.2941855,120.5922102
嘉義縣阿里山鄉,阿里山國小,81M66,23.4690425,120.7014574
新北市八里區,八里,C0AD1,25.1502,121.4039
屏東縣三地門鄉,上德文,C1R12,22.7633,120.7044
臺中市和平區,稍來,C1F89,24.2635,121.0056
基隆市彭佳嶼,彭佳嶼,46695,25.6280,122.0797
花蓮縣富里鄉,豐南,C1S85,23.1221,121.2624
花蓮縣卓溪鄉,立山,C1Z04,23.4434,121.3274
新北市三重區,三重,C0A9I,25.0567,121.4885
南投縣信義鄉,神木,swc03,23.52707905,120.8490462
苗栗縣泰安鄉,松安,01E08,24.52044579999999,120.8370208
苗栗縣泰安鄉,松安,C1E46,24.3980,120.9860
苗栗縣三義鄉,三義,C0E53,24.4109,120.7660
新竹縣新埔鎮,新埔,C1D38,24.8474,121.0383
苗栗縣獅潭鄉,獅潭,C0E82,24.5391,120.9200
南投縣信義鄉,西巒,C1I31,23.7545,120.8838
南投縣竹山鎮,桶頭,C1I13,23.6419,120.6541
南投縣仁愛鄉,翠峰,C1H00,24.1094,121.2052
新北市林口區,林口(1,01A16,25.0665954,121.3645844
南投縣信義鄉,新興橋,C1I34,23.5633,120.8687
南投縣仁愛鄉,文文社,C1I04,23.8493,120.9935
高雄市六龜區,新發,C1V59,23.0570,120.6461
屏東縣霧台鄉,阿禮,C0R13,22.7429,120.7437
南投縣埔里鎮,埔里,C1I25,23.9619,120.9911
嘉義縣阿里山鄉,豐山,swc12,23.4496199,120.7997884
花蓮縣富里鄉,明里,C0Z02,23.2087,121.2623
南投縣埔里鎮,北坑,C1I26,23.9246,121.0069
南投縣信義鄉,和社,C1I07,23.5911,120.8889
臺中市和平區,德基,C1F9W,24.2548,121.1903
屏東縣霧台鄉,神山,O1S69,22.752972,120.728126
高雄市茂林區,萬山,C0V79,22.9059,120.6881
南投縣信義鄉,青雲,C1I15,23.7934,120.9494
苗栗縣獅潭鄉,和興,01E37,24.5158066,120.910632
苗栗縣大湖鄉,馬拉邦山,C1E71,24.3673,120.9017
臺北市中山區,大直,C0A9A,25.0780,121.5429
桃園市大園區,埔心,C0C54,25.0478,121.2260
高雄市桃源區,小關山,C1V22,23.1542,120.8136
高雄市桃源區,南天池,C1V19,23.2740,120.9118
桃園市新屋區,新屋,46705,25.0067,121.0475
臺東縣成功鎮,膽曼,81S91,23.224283,121.413688
南投縣仁愛鄉,翠華,C1I43,24.0277107,121.14350285
南投縣仁愛鄉,翠峰,01H31,24.106307,121.1986
花蓮縣卓溪鄉,卓清國小,O1T81,23.2783012,121.2727356
屏東縣萬巒鄉,來義,C0R24,22.5273,120.6251
苗栗縣泰安鄉,象鼻,C1E45,24.3686,120.9402
高雄市桃源區,溪南(特生中心,C1V58,23.0850,120.7885
臺東縣長濱鄉,忠勇,01S26,23.3273326,121.439045
花蓮縣富里鄉,明里,01T72,23.2009869,121.2487946
桃園市楊梅區,水尾,C1C51,24.9401,121.0872
南投縣仁愛鄉,瑞岩,C1H86,24.1238,121.1835
臺中市和平區,梨山,C0F86,24.2475,121.2437
花蓮縣卓溪鄉,卓樂,C1Z01,23.2970,121.2716
南投縣水里鄉,龍神橋,C1I16,23.7799,120.8715
南投縣埔里鎮,外大坪,C1I24,23.9587,120.9179
臺中市和平區,雙崎,C0F90,24.2886,120.9043
屏東縣泰武鄉,西大武山,C1R61,22.6177,120.7322
花蓮縣卓溪鄉,卓麓(4,01T22,23.3027461,121.258574
臺東縣金峰鄉,賓茂國小,O1S66,22.5325191,120.9553168
新竹縣五峰鄉,太閣南,C1D42,24.6328,121.1606
嘉義縣大埔鄉,菜瓜坪,C1M40,23.2519,120.5761
南投縣水里鄉,龍神橋,00H54,23.7789697,120.8702119
苗栗縣卓蘭鎮,白布帆,swc01,24.297474,120.899361
臺東縣長濱鄉,長濱,C0S83,23.2868,121.4120
臺北市文山區,仙跡,A1AG7,24.9909467,121.5437279
臺東縣海端鄉,向陽,C0S75,23.2484,120.9861
南投縣竹山鎮,桶頭(2,01H11,23.6366595,120.658439
南投縣仁愛鄉,阿眉,C1H9B,24.1263,120.9947
花蓮縣卓溪鄉,佳心,C0Z05,23.3455,121.2132
苗栗縣三灣鄉,大河,01E38,24.61732499999999,120.946094
屏東縣春日鄉,大漢山,C1R44,22.4053,120.7532
南投縣水里鄉,上安,swc04,23.724697,120.854265
臺東縣東河鄉,東河,C0S81,22.9727,121.3040
屏東縣萬巒鄉,赤山,C0R19,22.5923,120.6143
南投縣魚池鄉,日月潭,46765,23.8813,120.9081
臺南市東山區,崁頭山,81O96,23.2666798,120.5032196
屏東縣瑪家鄉,新瑪家,01Q92,22.7092469,120.6472615
南投縣仁愛鄉,清流(1,01H72,24.0678111,120.9582642
苗栗縣銅鑼鄉,銅鑼,C0E78,24.4897,120.7909
南投縣仁愛鄉,翠巒,01H21,24.1486366,121.1885767
屏東縣瑪家鄉,三地門,01Q93,22.7132127,120.6506538
臺南市東山區,北寮,01O20,23.2933106,120.497839
臺南市白河區,大棟山,C1O87,23.3091,120.5231
嘉義縣水上鄉,水上,C0M69,23.4197,120.3889
臺南市柳營區,柳營,C0X27,23.2572,120.3736
南投縣魚池鄉,魚池,C1H91,23.9009,120.9291
臺南市後壁區,後壁,C0X26,23.3664,120.3623
南投縣國姓鄉,北山,C1H93,23.9853,120.8748
屏東縣長治鄉,長治,C0R48,22.6931,120.5426
臺南市東山區,東河,C0X05,23.2966,120.3856
南投縣水里鄉,郡坑,swc05,23.7246256,120.862419
嘉義縣布袋鎮,布袋,C0M75,23.3809,120.1678
苗栗縣泰安鄉,象鼻(1,01E06,24.3592,120.947286
桃園市中壢區,中壢,C0C52,24.9676,121.1853
苗栗縣通霄鎮,通霄,C0E59,24.4719,120.7046
南投縣國姓鄉,北山(2,01H68,23.9685769,120.8814179
臺南市南化區,關山,C1O88,23.1734,120.5941
苗栗縣頭份鎮,珊珠湖,01E24,24.6809676,120.956277
屏東縣春日鄉,士文,01R04,22.38427005,120.70518275
臺南市南化區,關山,01O76,23.16731655,120.59970485
臺東縣海端鄉,向陽(2,01S47,23.24774,120.986637
苗栗縣大湖鄉,大湖,C0E52,24.4149,120.8709
新竹縣寶山鄉,新城國小,O1D57,24.73419,120.9678192
臺南市新營區,新營,C0X25,23.3107,120.3167
南投縣仁愛鄉,惠蓀(2,00H81,24.091197,121.033728
臺東縣東河鄉,北源,01S87,23.01872665,121.284171
南投縣信義鄉,內茅埔(2,01H78,23.696818,120.854565
苗栗縣三義鄉,火炎山,swc18,24.362964,120.725818
屏東縣三地門鄉,尾寮山,C0R10,22.8331,120.6839
南投縣國姓鄉,樟湖,C1I22,23.9053,120.8470
彰化縣鹿港鎮,鹿港,C0G64,24.0753,120.4305
臺東縣池上鄉,池上,C0S74,23.1196,121.2095
屏東縣泰武鄉,舊泰武,C0R60,22.5882,120.6649
雲林縣林內鄉,坪頂,swc14,23.7539556,120.638241
臺南市六甲區,王爺宮,C0O84,23.2213,120.3995
臺中市新社區,龍安,C1F9E,24.1605,120.8320
嘉義縣民雄鄉,民雄,C0M76,23.5518,120.4285
臺南市楠西區,楠西,C1O92,23.1835,120.4841
新竹縣新豐鄉,新豐,C0D59,24.8707,120.9772
苗栗縣後龍鎮,後龍,C0E54,24.6065,120.7839
苗栗縣造橋鄉,造橋,C0E74,24.6371,120.8648
宜蘭縣頭城鎮,龜山島,C0U75,24.8417,121.9531
高雄市六龜區,大津,C1V34,22.8883,120.6460
新竹縣竹北市,新竹,46757,24.8279,121.0142
苗栗縣大湖鄉,南湖,C1E69,24.4014,120.8375
屏東縣瑪家鄉,瑪家,C0R14,22.6829,120.6866
臺中市新社區,白毛台,C1F9D,24.1583,120.8869
苗栗縣苗栗市,苗栗,C0E75,24.5646,120.8246
臺南市六甲區,王爺宮,01O75,23.220914,120.39965
臺中市和平區,烏石坑,C1F9H,24.2791,120.9458
南投縣信義鄉,信義,C1I08,23.6897,120.8510
南投縣鹿谷鄉,鳳凰,C0I09,23.7281,120.7873
屏東縣獅子鄉,丹路國小,81R65,22.2034089,120.751307
南投縣埔里鎮,大肚城,C1H89,23.9709,120.9523
南投縣中寮鄉,蘆竹湳,C1I21,23.9340,120.8120
新竹市香山區,內湖國小,O1D58,24.742069,120.906422
臺南市將軍區,將軍,C0X28,23.2150,120.1358
臺南市白河區,白河,C0X21,23.2270,120.2563
南投縣竹山鎮,竹山,C0I11,23.7612,120.6882
屏東縣枋山鄉,枋山,C1R33,22.2469,120.6611
屏東縣鹽埔鄉,新圍,C0R16,22.7396,120.5308
南投縣仁愛鄉,清流,C1H90,24.0808,120.9630
屏東縣牡丹鄉,牡丹,C1R34,22.1300,120.7927
高雄市路竹區,路竹,C0V75,22.8550,120.2594
臺南市楠西區,曾文,C0O81,23.2197,120.4973
嘉義縣竹崎鄉,竹崎,C0M70,23.5262,120.5555
南投縣國姓鄉,九份二山,swc02,23.9357967,120.8404083
南投縣竹山鎮,中心崙,C1I20,23.7287,120.7121
彰化縣福興鄉,福興,C0G77,24.0413,120.4377
新竹市香山區,香山,C0D57,24.7469,120.9055
苗栗縣頭份鎮,頭份,C0E73,24.6882,120.9122
嘉義市,嘉義,46748,23.4959,120.4329
苗栗縣竹南鎮,竹南,C0E42,24.7090,120.8889
屏東縣獅子鄉,壽卡,01R00,22.2451716,120.835619
苗栗縣頭屋鄉,明德,C0E55,24.5835,120.8854
高雄市桃源區,復興,C0V21,23.2224,120.8061
屏東縣牡丹鄉,牡丹,01Q86,22.12617209999999,120.7742858
新竹市東區,新竹市東區,C0D66,24.7987,120.9869
屏東縣新園鄉,新園,C0R56,22.5434,120.4616
臺東縣海端鄉,霧鹿,01S43,23.1692316,121.03973
高雄市茂林區,多納(1,O1V55,22.9101129,120.716436
苗栗縣西湖鄉,西湖,C0E81,24.5629,120.7485
嘉義縣新港鄉,新港,C0M79,23.5533,120.3457
宜蘭縣大同鄉,南山,01U08,24.4418906,121.377141
雲林縣土庫鎮,土庫,C0K39,23.6790,120.3956
屏東縣來義鄉,來義,88R46,22.50232515,120.6867268
屏東縣來義鄉,新來義,01Q35,22.508866,120.582351
臺中市大里區,大里,C0F9N,24.0925,120.7014
嘉義縣溪口鄉,溪口(3,01M01,23.604485,120.3960583
臺東縣臺東市,臺東,46766,22.7522,121.1546
高雄市旗山區,圓富國中,O1V82,22.92844699999999,120.501081
屏東縣竹田鄉,竹田,C0R50,22.5849,120.5440
嘉義縣番路鄉,番路,C0M72,23.4647,120.5542
苗栗縣大湖鄉,大湖(1,01E27,24.4277203,120.8689433
高雄市旗山區,旗山,C0V74,22.8886,120.4836
高雄市湖內區,湖內,C0V64,22.8871,120.2445
臺中市和平區,白冷,C1F9C,24.1828,120.9299
屏東縣滿州鄉,檳榔,C0R28,22.0760,120.8368
嘉義市東區,嘉義市東區,C0M73,23.477199,120.464894
臺中市和平區,松鶴,swc13,24.1797596,120.977402
屏東縣內埔鄉,三地門,C0R15,22.7099,120.6399
屏東縣枋寮鄉,枋寮,C0R38,22.3694,120.5896
臺南市西港區,西港,C0X14,23.1256,120.2031
南投縣國姓鄉,九份二山,C1I23,23.9620,120.8453
臺中市和平區,上谷關,C1F87,24.2035,121.0186
彰化縣埔鹽鄉,埔鹽,C0G80,24.0004,120.4317
苗栗縣公館鄉,公館,C1E77,24.5269,120.8308
嘉義縣梅山鄉,嘉義梅山,C0M77,23.5854,120.5556
臺南市仁德區,仁德,C0X16,22.9683,120.2577
臺南市中西區,臺南,46741,22.9932,120.2048
屏東縣瑪家鄉,佳義國小,81R64,22.6899048,120.637503
南投縣草屯鎮,雙冬,C1H94,23.9674,120.8022
新竹縣湖口鄉,湖口,C0D65,24.9048,121.0436
屏東縣春日鄉,力里,C1R25,22.4281,120.6292
臺南市東山區,東原,C1X04,23.2916,120.4638
臺中市東勢區,伯公龍,C1F9F,24.2724,120.8490
高雄市六龜區,六龜,C0V80,22.9979,120.6336
雲林縣大埤鄉,大埤,C0K45,23.6461,120.4315
臺南市大內區,大內,C0O86,23.1201,120.3615
臺東縣東河鄉,都蘭,C1S63,22.8784,121.2280
臺中市后里區,后里,C0F9L,24.3104,120.7297
高雄市桃源區,梅山(2,01V06,23.1593039,120.7641447
屏東縣高樹鄉,新豐(1,01r45,22.8630615,120.6340755
高雄市前鎮區,高雄,46744,22.5660,120.3157
彰化縣竹塘鄉,竹塘,C0G75,23.8466,120.3825
新竹市北區,成德中學,O1D59,24.7909395,120.9533445
臺中市東勢區,慶福山,C1F9G,24.1809,120.8484
臺南市南化區,羌黃坑,88O95,23.07532764999999,120.534218
臺南市鹽水區,鹽水,C0X23,23.2726,120.2476
臺東縣延平鄉,武陵,01S13,22.9691536,121.114524
臺東縣卑南鄉,初鹿國中,81S89,22.8499681,121.092177
臺東縣卑南鄉,知本,C0S70,22.6849,121.0056
彰化縣二林鎮,萬興(2,01G24,23.9548156,120.4158476
雲林縣林內鄉,林內(1,01J93,23.7584632,120.6162559
南投縣國姓鄉,長福,C1H92,24.1020,120.8799
臺東縣臺東市,臺東(7,01S61,22.7554613,121.1503529
屏東縣牡丹鄉,石門,01Q87,22.1271116,120.772506
臺南市白河區,六溪,01O08,23.3127328,120.4779473
臺南市南化區,北寮,C0O83,23.0796,120.4950
臺中市東勢區,東勢,C0F85,24.2464,120.8330
臺南市麻豆區,麻豆,C0X12,23.1833,120.2486
苗栗縣通霄鎮,大坪頂,01E33,24.535677,120.802449
臺東縣海端鄉,新武(3,01S44,23.117132,121.1690702
高雄市杉林區,月眉,C0V26,22.9712,120.5395
屏東縣屏東市,屏東(5,00Q07,22.6637402,120.4856115
高雄市內門區,溝坪,O1V81,23.0061428,120.5047362
屏東縣恆春鎮,墾雷,46779,21.9483307,120.7797516
臺東縣鹿野鄉,加拿國小,81S90,23.000988,121.1306763
彰化縣伸港鄉,伸港,C0G89,24.1489,120.4844
南投縣中寮鄉,中寮,C0H95,23.8844,120.7664
嘉義縣太保市,太保,C0M68,23.4551,120.3315
臺南市安定區,安定,C0X15,23.1026,120.2278
臺南市玉井區,玉井,C0O93,23.1260,120.4606
臺東縣關山鎮,電光,01S86,23.006093,121.172946
屏東縣麟洛鄉,麟洛,C0R57,22.6573,120.5518
臺東縣海端鄉,下馬,C1S66,23.1502,121.0700
嘉義縣溪口鄉,溪口,C0M66,23.6041,120.4036
臺東縣鹿野鄉,鹿鳴橋,00S12,22.89394,121.0950417
屏東縣來義鄉,南和,01Q36,22.46275105,120.65603995
嘉義縣義竹鄉,東後寮,C0M52,23.3699,120.2481
臺南市大內區,環湖,C1O85,23.1486,120.4186
屏東縣南州鄉,南州,C0R58,22.4926,120.5165
臺南市山上區,山上,C0X18,23.0757,120.3633
屏東縣潮州鎮,泗林,01R44,22.5386812,120.590396
高雄市內門區,木柵,01P19,22.97671465,120.468625
臺東縣海端鄉,摩天,C1S67,23.1995,121.0270
臺中市太平區,頭汴坑,01F68,24.1232624,120.7514438
屏東縣屏東市,屏東,C0R17,22.6603,120.4941
臺東縣卑南鄉,利吉國小,O1S65,22.838407,121.138166
金門縣,金門(合,A0W03,24.4494594,118.3855216
臺東縣海端鄉,紅石,C0S76,23.0691,121.1262
屏東縣恆春鎮,墾丁,C0R36,21.9456,120.8022
高雄市彌陀區,彌陀,C0V65,22.7838,120.2464
屏東縣佳冬鄉,佳冬,C0R54,22.4195,120.5524
屏東縣牡丹鄉,牡丹池山,C0R42,22.1678,120.8406
臺東縣太麻里鄉,太麻里,C0S69,22.6090,120.9853
南投縣國姓鄉,水長流,C1I19,24.0618,120.8605
雲林縣古坑鄉,古坑,C0K49,23.6543,120.5598
臺南市善化區,善化,C0O90,23.1129,120.2972
屏東縣東港鎮,東港,C0R43,22.4649,120.4417
臺中市外埔區,外埔,C0F9Q,24.3478,120.7057
高雄市鼓山區,鼓山,C0V69,22.6233,120.2756
臺南市左鎮區,左鎮,C0X20,23.0568,120.4085
高雄市內門區,內門,C0V36,22.9755,120.4668
臺東縣卑南鄉,射馬干,swc09,22.737492,121.025192
屏東縣高樹鄉,高樹,C0R47,22.8264,120.6008
臺南市白河區,關子嶺,C0X24,23.3314,120.5077
高雄市桃源區,梅山,C1V20,23.2684,120.8236
屏東縣三地門鄉,口社,C1R11,22.7701,120.6452
屏東縣牡丹鄉,旭海,C1R30,22.1947,120.8877
臺東縣太麻里鄉,華源,C1S80,22.6579,121.0233
臺中市新社區,新社,C0F9V,24.2002,120.8158
南投縣集集鎮,集集,C1I17,23.8264,120.7750
臺中市龍井區,龍井,C0F9R,24.1845,120.5290
屏東縣崁頂鄉,崁頂,C0R52,22.5148,120.5069
高雄市甲仙區,甲仙,C0V25,23.0801,120.5918
屏東縣枋山鄉,楓港,C0R40,22.1902,120.6927
高雄市永安區,永安,C0V62,22.8232,120.2369
臺南市佳里區,佳里,C0X08,23.1730,120.1451
臺東縣太麻里鄉,大溪山,C0S77,22.4785,120.9433
屏東縣九如鄉,九如,C0R49,22.7405,120.4905
臺南市下營區,下營,C0X06,23.2270,120.2563
屏東縣恆春鎮,貓鼻頭,C0R35,21.9217,120.7358
臺東縣卑南鄉,利嘉,C1S86,22.8094,121.0505
臺東縣鹿野鄉,鹿野,C0S71,22.9170,121.1228
苗栗縣苑裡鎮,苑裡,C0E83,24.4397,120.6531
屏東縣新埤鄉,新埤,C0R55,22.4679,120.5829
臺東縣達仁鄉,壽卡,C1S88,22.2389,120.8589
臺東縣達仁鄉,南田,C0S84,22.2797,120.8892
屏東縣滿州鄉,佳樂水,C0R37,21.9920,120.8446
高雄市美濃區,吉東,C1V57,22.8412,120.5572
雲林縣台西鄉,臺西,C0K53,23.7015,120.1976
屏東縣內埔鄉,龍泉,C1R20,22.6671,120.6020
高雄市林園區,林園,C0V72,22.5077,120.3945
臺南市永康區,永康,46742,23.0384,120.2367
屏東縣潮州鎮,潮州,C0R22,22.5344,120.5400
高雄市杉林區,集來,88V56,23.0225737,120.5615481
臺東縣金峰鄉,金峰,C1S82,22.5910,120.9332
苗栗縣大湖鄉,新開,C1E51,24.3477,120.8270
臺中市大肚區,大肚,C0F00,24.1530,120.5721
南投縣名間鄉,埔中,C1I28,23.8208,120.6426
花蓮縣秀林鄉,合歡山莊,A0Z08,24.146224,121.284861
嘉義縣鹿草鄉,鹿草,C0M78,23.4113,120.3084
高雄市桃源區,排雲,C1V17,23.4636,120.9541
臺南市新化區,虎頭埤,C0O97,23.0214,120.3479
嘉義縣朴子市,朴子,C0M65,23.4348,120.2684
臺南市北區,臺南市北區,C0X10,23.0104,120.1942
屏東縣春日鄉,春日,C0R26,22.3704,120.6283
臺中市東勢區,新伯公,C1F91,24.2214,120.8411
臺北市內湖區,金面,A1AG8,25.0935059,121.5707321
連江縣南竿鄉,馬祖,46799,26.1693,119.9234
苗栗縣三義鄉,三義(2,01E29,24.4123873,120.7712631
臺南市安南區,安南,C0O95,23.0767,120.1449
雲林縣崙背鄉,崙背,C1K25,23.7556,120.3189
雲林縣北港鎮,北港(2,00J81,23.5641663,120.2861111
高雄市美濃區,美濃(2,01P77,22.8928565,120.5126175
高雄市左營區,左營,C0V43,22.6779,120.2937
嘉義縣竹崎鄉,沙坑,01L49,23.5302406,120.519588
臺南市七股區,七股站,46778,23.1470,120.0862
雲林縣四湖鄉,四湖,C0K28,23.6304,120.2271
苗栗縣卓蘭鎮,卓蘭,C0E79,24.3128,120.8248
嘉義縣六腳鄉,六腳,C0M74,23.4929,120.2906
臺南市官田區,官田,C0X13,23.1932,120.3154
臺東縣大武鄉,愛國埔分校,81S88,22.457731,120.922241
臺南市歸仁區,媽廟,C0O99,22.9918,120.2935
高雄市田寮區,古亭坑,01P28,22.8939506,120.403251
彰化縣溪湖鎮,溪湖,C0G66,23.9484,120.4791
彰化縣芳苑鄉,芳苑,C0G87,23.9223,120.3200
高雄市梓官區,梓官,C0V61,22.7606,120.2672
雲林縣褒忠鄉,褒忠(2,01K06,23.7014556,120.3112941
彰化縣鹿港鎮,頭汴,01G09,24.0852581,120.4840773
雲林縣元長鄉,元長,C0K50,23.6498,120.3150
雲林縣北港鎮,北港,C0K41,23.5740,120.2928
臺南市南區,臺南市南區,C0X11,22.9612,120.1884
臺中市南屯區,南屯,C0F9U,24.1370,120.6380
臺南市新化區,虎頭埤,01O71,23.027082,120.339961
雲林縣西螺鎮,西螺,C0K42,23.8004,120.4674
彰化縣埤頭鄉,埤頭,C0G83,23.8660,120.4528
雲林縣西螺鎮,西螺(2,01J10,23.7976126,120.461016
屏東縣林邊鄉,林邊,C0R53,22.4308,120.5100
苗栗縣造橋鄉,大潭,01E39,24.6338063,120.82387175
臺東縣延平鄉,上里,01S57,22.970273,121.1177396
雲林縣斗南鎮,斗南,C0K46,23.6787,120.4784
高雄市新興區,新興,C0V49,22.6274,120.2988
臺南市白河區,關子嶺(2,01O07,23.339768,120.499829
臺北市松山區,民生國中,A1A9Y,25.0597519,121.5667174
南投縣草屯鎮,草屯,C0H96,23.9737,120.6809
彰化縣花壇鄉,花壇,C0G79,24.0161,120.5523
南投縣草屯鎮,草屯(4,01H63,23.98454235,120.69463365
臺中市大甲區,大甲,C0F93,24.3477,120.6404
苗栗縣後龍鎮,南勢山,01E31,24.5720736,120.727653
宜蘭縣南澳鄉,金岳國小,81U86,24.470918,121.776859
臺南市新市區,新市,C0O98,23.0616,120.2982
雲林縣褒忠鄉,褒忠,C0K43,23.6909,120.3036
高雄市旗山區,旗山(4,00P47,22.8879386,120.4830888
臺北市北投區,油坑,A1AD4,25.1767787,121.5466928
臺中市豐原區,豐原,C0F9M,24.2543,120.7207
高雄市橋頭區,橋頭,C0V76,22.7578,120.3058
嘉義縣大林鎮,中坑(3,01L91,23.5800026,120.493073
高雄市桃源區,天池,01V07,23.280216,120.918897
臺北市士林區,陽明高中,A1A9W,25.092376,121.517963
澎湖縣白沙鄉,吉貝,A0W08,23.7447222,119.6083333
雲林縣口湖鄉,宜梧,C0K29,23.5363,120.1693
南投縣信義鄉,望鄉,01H39,23.5990161,120.88414
屏東縣牡丹鄉,石門山,C1R29,22.1126,120.7566
臺中市東勢區,卓蘭(2,01E23,24.3060097,120.8306391
臺南市龍崎區,崎頂,C0O96,22.9595,120.3693
彰化縣大城鄉,大城,C0G74,23.8525,120.3209
高雄市燕巢區,金山,01P39,22.811305,120.398148
彰化縣溪州鄉,溪州,C0G72,23.8516,120.4991
彰化縣二水鄉,二水,C0G88,23.8107,120.6173
屏東縣萬丹鄉,萬丹,C0R51,22.5878,120.4904
屏東縣恆春鎮,恆春,46759,22.0039,120.7463
嘉義縣東石鄉,東石,C0M71,23.4589,120.1539
臺南市安平區,安平,C0X19,22.9932,120.1522
臺東縣太麻里鄉,金針山,O1S68,22.6392809,120.97613
臺北市中正區,中正國中,A1A9Z,25.032324,121.52201
彰化縣溪州鄉,下水埔,C1G69,23.8161,120.5676
彰化縣北斗鎮,北斗,C0G84,23.8776,120.5142
屏東縣里港鄉,里港,C0R59,22.8002,120.4966
臺中市和平區,八仙山(1,01F10,24.1922492,121.0146197
雲林縣東勢鄉,雲林東勢,C0K52,23.6744,120.1548
臺中市神岡區,神岡,C0F9I,24.2725,120.6583
高雄市旗津區,旗津,C0V50,22.5886,120.2859
新北市新店區,精忠站,81AH4,24.970336,121.256034
高雄市大樹區,溪埔,C0V35,22.7386,120.4468
高雄市苓雅區,苓雅,C0V71,22.6227,120.3307
臺南市南化區,大竹坑,O1N1A,23.1399456,120.574227
澎湖縣望安鄉,東吉島,46730,23.2570,119.6675
宜蘭縣大同鄉,樂水分校,81U87,24.60036,121.5295954
臺中市,臺中,46749,24.1457,120.6841
臺北市內湖區,東湖國小,A1AA5,25.068675,121.615663
彰化縣員林鎮,員林,C0G65,23.9465,120.5856
高雄市楠梓區,楠梓,C0V67,22.7198,120.2860
澎湖縣望安鄉,望安,01W01,23.3728659,119.5114597
臺中市北屯區,大坑,C0F97,24.1731,120.7223
高雄市田寮區,古亭坑,C0V37,22.8932,120.4019
臺東縣卑南鄉,知本(5,01S21,22.6923457,121.0139579
臺南市歸仁區,沙崙,C1N00,22.9355,120.3094
南投縣集集鎮,集集(2,00H71,23.8308649,120.7830228
高雄市阿蓮區,阿蓮(2,01P50,22.8830607,120.3272952
臺北市士林區,至善國中,A1AA3,25.1034593,121.5549798
高雄市大社區,大社,C0V77,22.7303,120.3466
彰化縣二林鎮,二林,C0G73,23.9033,120.3761
高雄市茄萣區,茄萣,C0V63,22.9066,120.1826
高雄市小港區,鳳森,C0V45,22.5451,120.3926
臺中市大雅區,橫山,C0F9X,24.2102056,120.631089
彰化縣田中鎮,田中,C0G85,23.8568,120.5883
臺北市北投區,湖田國小,A1A9S,25.1684992,121.5388379
臺中市太平區,中竹林,C0F9A,24.1036,120.7511
臺中市和平區,雪嶺,01F35,24.2745407,121.1581499
苗栗縣後龍鎮,南勢,C1E60,24.5725,120.7348
雲林縣斗六市,斗六,C0K40,23.7206,120.5411
雲林縣麥寮鄉,麥寮,A0K42,23.753833,120.251645
臺北市南港區,舊莊國小,A1AA7,25.0402906,121.6194992
高雄市鳳山區,鳳山,C0V44,22.6467,120.3561
臺中市烏日區,烏日,C0F9S,24.1071,120.6241
臺南市東山區,東原,01O19,23.2660286,120.444008
屏東縣萬丹鄉,新庄國小,O1R62,22.561984,120.480591
彰化縣埔心鄉,埔心,C0G81,23.9476,120.5255
臺南市學甲區,學甲,C0X22,23.2304,120.1822
臺中市石岡區,石岡,C0F92,24.2801,120.7703
臺中市梧棲區,梧棲,46777,24.2560,120.5234
高雄市燕巢區,尖山,C1V39,22.8132,120.3678
臺中市潭子區,潭子,C0F9O,24.2131,120.7039
高雄市仁武區,仁武,C0V68,22.7011,120.3477
臺南市南化區,南化(2,01N85,23.0429831,120.477762
金門縣金城鎮,金門,46711,24.4073,118.2893
彰化縣芬園鄉,芬園,C0G62,24.0157,120.6213
臺東縣達仁鄉,土?,C1S62,22.4531,120.8876
臺東縣大武鄉,大武,46754,22.3557,120.9038
高雄市美濃區,美濃,C0V31,22.8987,120.5192
屏東縣琉球鄉,琉球嶼,C0R27,22.3322,120.3622
高雄市甲仙區,甲仙(2,01P66,23.0840153,120.5877105
高雄市燕巢區,阿公店,C0V40,22.8042,120.3555
臺中市大安區,大安,C0F9K,24.3451,120.5880
高雄市岡山區,岡山,C0V66,22.7552,120.2977
雲林縣虎尾鎮,虎尾,C0K33,23.7192,120.4420
嘉義縣中埔鄉,中埔,C0M64,23.4254,120.5229
苗栗縣竹南鎮,大埔,01E12,24.69428485,120.88183785
屏東縣車城鄉,車城,C1R32,22.0744,120.7162
臺東縣太麻里鄉,金崙,C0S79,22.5381,120.9669
臺北市士林區,格致國中,A1AA1,25.1308499,121.546354
彰化縣彰化市,彰化,C1G63,24.0791,120.5547
彰化縣社頭鄉,社頭,C0G86,23.8976,120.5862
臺中市霧峰區,桐林,C1F9B,24.0662,120.7352
雲林縣水林鄉,水林,C0K51,23.5729,120.2460
臺中市西屯區,西屯,C0F9T,24.1795,120.6413
彰化縣田尾鄉,田尾,C0G82,23.9017,120.5094
臺南市關廟區,關廟,C0X17,22.9630,120.3278
臺東縣卑南鄉,南鵝,01S56,21.9022789,120.8526645
澎湖縣馬公市,澎湖,46735,23.5655,119.5631
嘉義縣大林鎮,大林,C0M67,23.6006,120.4584
臺東縣大武鄉,大鳥,88S67,22.3849106,120.909257
屏東縣三地門鄉,古夏,01Q61,22.78656425,120.70059055
臺北市信義區,留公國中,A1AA6,25.0370881,121.585339
臺中市清水區,清水,C0F9P,24.3123,120.5622
高雄市三民區,三民,C0V70,22.6450,120.3112
臺南市龍崎區,崎頂,01N86,22.9560606,120.376699
南投縣南投市,六分寮,C1H97,23.9250,120.6380
彰化縣秀水鄉,秀水,C0G78,24.0341,120.5039
高雄市大寮區,大寮,C0V73,22.6100,120.4320
南投縣南投市,六分寮,01H59,23.9291546,120.635594
臺中市和平區,雙崎(2,00F39,24.2920214,120.9092535
桃園市復興區,拉拉山,A0C54,24.679774,121.383921
高雄市東沙島,東沙,46810,20.7033664,116.9057263
新竹縣五峰鄉,五峰國小,81D60,24.6314754,121.1180649
南投縣信義鄉,西巒,01H47,23.6953836,120.944673
高雄市阿蓮區,阿蓮,C0V53,22.8832,120.3275
新北市林口區,林口,C0A71,25.0764,121.3782